<!-- Copyright (C) 2018 Google Inc. All Rights Reserved.

FirebaseApp iOS and Android Dependencies.
-->

<dependencies>
  <iosPods>
    <iosPod name="Firebase/Core" version="5.5.0" minTargetSdk="8.0">
    </iosPod>
  </iosPods>
  <androidPackages>
    <androidPackage spec="com.google.android.gms:play-services-base:15.0.1">
    </androidPackage>
    <androidPackage spec="com.google.firebase:firebase-common:16.0.1">
    </androidPackage>
    <androidPackage spec="com.google.firebase:firebase-core:16.0.1">
    </androidPackage>
    <androidPackage spec="com.google.firebase:firebase-app-unity:5.2.1">
      <repositories>
        <repository>Assets/Firebase/m2repository</repository>
      </repositories>
    </androidPackage>
  </androidPackages>
</dependencies>

